lat,lon,sst,chlorophyll,u,v,presence
45.0,-66.5,9.950848966318764,6.926536560058594,0.009627514937982763,0.0020426362875706396,0
45.0,-66.25,10.023566202748707,7.603185176849365,0.03575588790392407,-0.011238585667204593,1
45.0,-66.0,10.004997559020534,5.317578315734863,0.006042097026438666,-0.015170810819638381,0
45.0,-65.75,10.012549060984453,2.533200740814209,0.030098018020434374,0.019049816277343812,0
45.0,-65.5,10.082132873496372,1.6611213684082031,0.028014087836275285,-0.010517129737314333,0
45.0,-65.25,10.152322983346744,2.0851941108703613,0.018300654045092186,0.023829670857835918,0
45.0,-65.0,10.219914796516827,,-0.019953648755383892,0.027734507169466776,0
45.0,-64.75,10.12473729772098,,0.0049085549328525,-0.0013296796829642375,0
45.0,-64.5,10.168079055100995,,0.010960534828962192,0.012459062831459783,0
45.0,-64.25,10.196093693461,,0.038884816631389416,-0.01718888419231421,0
45.0,-64.0,10.35161574417687,,0.024483021856518173,0.020406654260077834,0
45.0,-63.75,10.145998964928442,,0.018422763367313882,0.03323954017512476,0
45.0,-63.5,10.318030505331688,,0.0203113876945138,-0.012271583922977308,0
45.0,-63.25,10.312666409174561,,-0.009371249110507778,-0.0007721156195038903,0
45.0,-63.0,10.28974199140864,,0.024341335727755504,-0.01794451295309329,0
45.0,-62.75,10.275625561879979,,-0.006867543790021803,0.007860652340763205,0
45.0,-62.5,10.457889906766797,,0.021072967977891134,-0.0022999902088085035,0
45.0,-62.25,10.321078436531739,,-0.013171495280744763,-0.022982109935599935,0
45.0,-62.0,10.39014752089748,,0.016954560947782457,-0.0013109764198050884,0
45.0,-61.75,10.38505028447145,1.6293244361877441,0.03638370449804552,-0.029992055048784234,0
45.0,-61.5,10.537890296263546,0.9813878536224365,0.017620902842911144,0.05053444890562175,0
45.0,-61.25,10.481559277377245,0.8984020352363586,-0.017689072951544503,0.009726347554682638,0
45.0,-61.0,10.696070415718872,0.6775653958320618,0.00822057971995743,-0.017121177673412022,0
45.0,-60.75,10.59944496333915,0.7462384700775146,0.01739467512779199,-0.0006994855371183009,1
45.0,-60.5,10.67291268115472,0.5280872583389282,0.008511807555339415,0.0047223777489653705,0
45.0,-60.25,10.58047991727113,0.49898087978363037,0.02811390303194358,0.031782861392242935,0
45.0,-60.0,10.549770637527166,0.49824655055999756,0.013732073922492427,-0.01593066307429442,0
45.0,-59.75,10.698276684900033,0.7570333480834961,-0.0008109966167006884,-0.015468134153338975,0
45.0,-59.5,10.78013503402848,0.8457732200622559,0.024713658387303272,-0.007006533127470956,0
45.0,-59.25,10.841128399546735,0.5498570203781128,0.005330293984451694,0.018468396889018156,0
45.0,-59.0,10.844027176821774,0.5554899573326111,-0.006525136967943726,-0.006804993325263464,0
45.0,-58.75,10.720838004710798,0.6020549535751343,0.014863703734396327,0.01368457605202517,0
45.0,-58.5,10.872192244677553,0.6206288933753967,-0.005023167164738885,0.017320284872939677,0
45.0,-58.25,10.947924786302439,0.47584784030914307,0.002525863328583382,0.011505893483192135,0
45.0,-58.0,10.80126592522445,0.5629910826683044,0.027155977990513187,-0.012427397704781937,0
45.0,-57.75,10.895450316838579,0.5567001700401306,0.019530735054919365,0.0012641812485274066,0
45.0,-57.5,10.893751141638278,0.5217478275299072,0.012218937777396984,-0.015214730851482318,0
45.0,-57.25,10.865263125312833,0.4551476538181305,0.0380619268550308,0.01563293502287478,0
45.0,-57.0,10.979199662928625,0.44095468521118164,0.012591165144243894,-0.009798108437264731,0
45.25,-66.5,10.270024163443825,,0.029817839067630653,0.011087114006713718,0
45.25,-66.25,10.204424781061224,,0.035461338133949055,0.024975892474006424,0
45.25,-66.0,10.261854180433666,,0.013546897123879615,0.011815766555626194,0
45.25,-65.75,10.173892006584596,,0.028963056972838477,0.04917066563520843,0
45.25,-65.5,10.276801113463787,4.323158264160156,0.029632023749828755,0.005936753949379888,0
45.25,-65.25,10.329660010436891,3.8566179275512695,0.0011226972967593864,0.016352389531011324,0
45.25,-65.0,10.490699810885804,3.9992189407348633,-0.0030563511701851877,0.0014206544745694917,0
45.25,-64.75,10.465080309587288,5.111767768859863,0.01717799776784575,-0.02299811414301278,0
45.25,-64.5,10.468961492868669,5.5719075202941895,0.033093419138762965,-0.05183709241522953,0
45.25,-64.25,10.527672890331024,5.422316074371338,-0.0029174439244808717,0.0015419716066682257,0
45.25,-64.0,10.620706133075952,6.132476806640625,0.045068717001818324,0.000592005000124185,0
45.25,-63.75,10.393051420008952,,0.0056656324475436734,-0.035453245040562326,0
45.25,-63.5,10.521235133686917,,0.005186269187922964,-0.006566799705239214,0
45.25,-63.25,10.649854878608473,,0.025072899436656623,-0.016892616965280785,0
45.25,-63.0,10.608678536493949,,-0.0010080749983965918,0.002456758808924835,0
45.25,-62.75,10.455898210756082,,0.01904414508176568,-0.007992600177767272,1
45.25,-62.5,10.467477812596199,,0.024554621145419425,-0.022770859151286477,0
45.25,-62.25,10.707158548639224,,0.00906213408060634,0.006712190823348868,0
45.25,-62.0,10.529024384212594,,0.01250176572478683,-0.030460492488659997,0
45.25,-61.75,10.79447311483062,,-0.022124164963173827,0.003130253309171438,0
45.25,-61.5,10.800431718869557,,0.0063167916767534905,0.0014464208869310324,0
45.25,-61.25,10.614674926031533,,0.031441061758834765,-0.024233055406506013,1
45.25,-61.0,10.724635497600712,,0.01217804959559235,-0.008877124753654257,0
45.25,-60.75,10.759214197537284,1.1375991106033325,0.03368691425848243,0.028334400309852414,0
45.25,-60.5,10.86350364828877,0.7926276326179504,0.011316002889030244,-0.026203870052189077,0
45.25,-60.25,10.965317001318843,0.7454273700714111,0.017554151988469293,-0.009221055673229095,0
45.25,-60.0,10.836247692315528,0.813746452331543,0.020284256440689315,-0.014459692836105834,0
45.25,-59.75,10.79638420173836,0.7559966444969177,0.025461328818027103,0.028867797550115162,0
45.25,-59.5,10.954629369977559,0.7444572448730469,-0.013087722601920855,0.008859197807338834,0
45.25,-59.25,10.985235354840478,0.6716169714927673,0.009324814129018043,-0.003939989207642032,0
45.25,-59.0,10.949717226518969,0.7133503556251526,0.011260254579020995,-0.003002700957348713,0
45.25,-58.75,11.11015491623459,0.6866337060928345,0.007631610865647584,0.012839124940884444,0
45.25,-58.5,11.137102486615458,0.7206170558929443,0.020372331962018524,-0.022881894362922935,0
45.25,-58.25,11.08912835286221,0.5699580907821655,0.023999943812422313,0.008016758422294431,0
45.25,-58.0,11.100631463198907,0.5701515078544617,0.013679080059789047,0.008252822451496795,0
45.25,-57.75,11.00586325122155,0.5872812271118164,-0.0036159488460089755,0.012466746954157133,0
45.25,-57.5,11.151626762812212,0.47659698128700256,0.004393920482369022,-0.027967197577411913,0
45.25,-57.25,11.171763369269305,0.4978508949279785,0.007479909750332088,0.03560859750218892,0
45.25,-57.0,11.082863188487943,0.4370102882385254,0.009615601945981302,-0.007593014005503881,0
45.5,-66.5,10.46961716134801,,0.013116935950622303,-0.0189184802864587,0
45.5,-66.25,10.308830271369155,,0.0008230161835978485,0.029433227615690394,0
45.5,-66.0,10.482829612684053,,0.024654201827533313,0.022931449389853625,0
45.5,-65.75,10.40291788926889,,0.024801555753278796,0.01863242274027857,0
45.5,-65.5,10.347786209785037,,0.011981688209357213,-0.0044820768948518105,0
45.5,-65.25,10.638903315687855,,0.021791609121471753,-0.014591739073105185,0
45.5,-65.0,10.559624170806101,4.81289005279541,0.012275327635097805,0.02508061864830412,0
45.5,-64.75,10.601567180477902,5.722928047180176,0.015204683733903913,0.002798997865437459,0
45.5,-64.5,10.654349703620854,,0.018737920943047933,0.0030318528733711894,0
45.5,-64.25,10.668036035830784,,0.014045324998045356,-0.002694833932792077,0
45.5,-64.0,10.762843514923324,,0.012541043784506267,0.014789222407142762,0
45.5,-63.75,10.5850001343734,,-0.005325315301978072,-0.007107233785343742,0
45.5,-63.5,10.720070766102937,,0.03811053013498937,0.019463233760614294,0
45.5,-63.25,10.657559360438206,,0.01725942971498886,0.007739257980440303,0
45.5,-63.0,10.791767891832881,,0.03342334641203936,-0.0055297091834606085,0
45.5,-62.75,10.771040920619253,,0.020736921242333034,-0.019993542494219026,0
45.5,-62.5,10.785190540350843,,0.011451984228624467,-0.028850390041521463,0
45.5,-62.25,10.86751268026239,,0.009666029279970671,0.025608446368171365,0
45.5,-62.0,10.81315617245018,,0.023962333446330503,-0.0032621400690760576,0
45.5,-61.75,10.953050626502282,,0.0028807481143728604,-0.013566701733626545,0
45.5,-61.5,11.009764963545527,,0.02773564904065369,0.013501024918556655,0
45.5,-61.25,11.068064559689248,,0.0317145218654947,-0.010449487430240335,0
45.5,-61.0,11.032238413680224,,0.04170871518076553,0.005945746829095809,0
45.5,-60.75,10.957956233963664,1.4983718395233154,-0.002297366423602844,-0.008313494701669009,1
45.5,-60.5,11.053155212523356,1.0966087579727173,0.01500805212753527,-0.034908677411542376,0
45.5,-60.25,11.072748931180655,1.2980766296386719,-0.026572656526754133,-0.021113624841931633,0
45.5,-60.0,11.030147372357694,1.0204079151153564,0.02464720567130666,-0.014498177308674892,0
45.5,-59.75,11.138596471599534,0.8155536651611328,0.014641510343995506,0.0007592074202789189,0
45.5,-59.5,11.252811153796298,0.8473105430603027,0.008301448092395858,-0.021190379855273368,0
45.5,-59.25,11.157488315497668,0.7849748134613037,0.01462993499089572,0.016449445616033925,0
45.5,-59.0,11.248667699079611,0.7857061624526978,-0.005094734194398695,-0.010739331950345824,0
45.5,-58.75,11.169594030940678,0.8192973732948303,0.023008152276370493,0.005910114258323926,0
45.5,-58.5,11.138324191644596,0.7645323276519775,0.015308586583599156,-0.0006374654365304249,0
45.5,-58.25,11.321283322015946,0.6728092432022095,0.019980190553594686,-0.018284070575017835,0
45.5,-58.0,11.193826505768971,0.6497891545295715,-0.007312239976686714,-0.03669272059012855,0
45.5,-57.75,11.315068702285906,0.5778254866600037,-0.0002892302274002834,-0.0223647562024935,0
45.5,-57.5,11.365019381558978,0.42958328127861023,0.014354200742169044,0.009088541477465599,0
45.5,-57.25,11.349698329406642,0.4593820869922638,0.009526165455464827,-0.0349626984009605,0
45.5,-57.0,11.324611750643133,0.47451910376548767,0.013013950554328085,-0.014454707452702118,0
45.75,-66.5,10.499532330376331,,-0.005936827550970718,-0.00966421319779094,0
45.75,-66.25,10.752388676965596,,0.023634928391550063,0.02269144980391828,0
45.75,-66.0,10.650446036419801,,-0.0012141082617309878,-0.004552334928974177,0
45.75,-65.75,10.608084991356634,,0.021886264233004604,-0.021649636536465053,0
45.75,-65.5,10.725204809194116,,0.01645750159095012,0.01174604949708919,1
45.75,-65.25,10.709514320386829,,0.02921625484954002,0.013145596908430559,0
45.75,-65.0,10.701031105019451,,0.04012677286640962,0.00012483153946092965,0
45.75,-64.75,10.79048147639507,,0.03145391846118804,-0.010041010137735944,0
45.75,-64.5,10.746338370685445,,-0.02618443316209822,0.009799164213860054,0
45.75,-64.25,10.821801822157807,,0.016289024529416902,0.005571591183822545,0
45.75,-64.0,10.665321749825074,,0.017624325913956594,0.009505225046839056,0
45.75,-63.75,10.921664669688548,,0.012536805066368622,-0.019898509690092422,0
45.75,-63.5,10.969436298116102,,0.030583310594362288,-0.01313477980370679,0
45.75,-63.25,10.852325742852477,,-0.012002256913202308,-0.000978495012231708,0
45.75,-63.0,10.8580745298988,,0.01973604019465852,0.018601305338528152,0
45.75,-62.75,10.989607787514723,10.164545059204102,0.016180118624326115,0.010291647885582017,0
45.75,-62.5,10.966915846150167,7.949097633361816,0.05569415823572238,0.01610158277387938,0
45.75,-62.25,11.182924606397195,3.208894968032837,-0.03182514439363145,-0.008379195875845347,0
45.75,-62.0,10.945138318813198,,-0.0028412059537880024,-0.003064062475382434,0
45.75,-61.75,11.117832753887056,5.107400894165039,0.03335561644478611,0.003425018520895053,0
45.75,-61.5,11.049054370740675,,0.04946455065775907,-0.01378555646383793,0
45.75,-61.25,11.1386794965407,,-0.01082233803575056,-0.01730892193538982,0
45.75,-61.0,11.15408802306285,,0.017677719568232386,0.011276622782147992,0
45.75,-60.75,11.20873874234544,,-0.020866679439502114,-0.015654157924790607,0
45.75,-60.5,11.340725234085491,,0.02178147853247104,0.022534302741331662,0
45.75,-60.25,11.346876948743237,,0.03295267264144267,-0.0023017772026630284,0
45.75,-60.0,11.400324349640623,1.54781174659729,0.014298633418012477,-0.02461109596419729,0
45.75,-59.75,11.19767353949388,1.440258264541626,0.007810993410187711,0.0032783972093418223,0
45.75,-59.5,11.289283309425379,1.3481334447860718,-0.026051979892965538,-0.006590333811702365,0
45.75,-59.25,11.272609054793795,0.8512972593307495,0.00999531808408528,-0.012701932552868425,0
45.75,-59.0,11.41561286890079,0.5917835235595703,-0.007869677010076492,0.0002422786883692317,0
45.75,-58.75,11.573452376829172,0.6570444107055664,-0.012111638593529522,-0.019912324924520306,0
45.75,-58.5,11.476440483095843,0.6871912479400635,0.022265392982133793,-0.005147300876040215,0
45.75,-58.25,11.48543889766462,0.6204051375389099,0.01814629741935664,0.029172965652997384,0
45.75,-58.0,11.55806907857949,0.5907847285270691,0.010426077894710391,-0.0098418455049585,0
45.75,-57.75,11.479731657736243,0.5722280740737915,0.044702294503418186,-0.03380726724835609,0
45.75,-57.5,11.441846271689787,0.47153377532958984,0.018441143915882693,-0.004589905852696573,0
45.75,-57.25,11.564523775384654,0.45574283599853516,-0.016981588655877077,-0.007793140870848522,0
45.75,-57.0,11.635556414431669,0.46596983075141907,0.03276963581628838,0.03551212103119426,0
46.0,-66.5,10.736919391814642,,0.02167402065771369,0.004397963343038646,0
46.0,-66.25,10.851029709209906,,0.019300418228303296,-0.007937378748152688,0
46.0,-66.0,10.694640318360433,,0.013226223395299231,-0.055535667706631285,0
46.0,-65.75,10.83428256849527,,0.014842545293040186,0.056750415886503106,0
46.0,-65.5,10.907094629054534,,0.014594344265781132,0.040062547603934136,0
46.0,-65.25,10.870672399877709,,0.018218561783145997,-0.017707907723288556,0
46.0,-65.0,10.969059562323027,,0.02805438382041356,0.003373589840675803,0
46.0,-64.75,10.926689722911963,,0.021262732335773662,-0.0012874940082175743,0
46.0,-64.5,11.016407610756707,,-0.003257726788290123,-0.001751147324624714,0
46.0,-64.25,11.040346561236762,,0.05676091672503098,-0.004649406585222796,0
46.0,-64.0,10.920285571199546,16.598770141601562,-0.009610538879134935,0.0014377662545699069,1
46.0,-63.75,11.06095777304849,12.596770286560059,0.00497433378301701,-0.008563746624602962,0
46.0,-63.5,11.109202689217534,7.055568695068359,0.019246573544116807,0.005883454560841097,0
46.0,-63.25,11.292163536524017,5.380760669708252,0.029454437205185962,-0.023643686966044127,0
46.0,-63.0,11.203330509693588,8.165157318115234,0.005230003318745194,-0.005873280005125447,0
46.0,-62.75,11.21653295526406,,-0.010473537783217374,0.009649758341961764,0
46.0,-62.5,11.176805481388834,,0.015008278553880608,-0.02696003932698921,0
46.0,-62.25,11.3331679560794,2.526533365249634,0.01259778925794514,0.017367256942151552,0
46.0,-62.0,11.258452267776708,3.5994622707366943,0.0515404426254643,-0.01765533850764616,0
46.0,-61.75,11.317741791861733,2.353527069091797,0.003791274820174562,-0.018826904440599816,0
46.0,-61.5,11.315004147065219,,0.027696806908693753,0.052536482903043524,0
46.0,-61.25,11.35616120472656,,0.014295495826497343,0.005360147801173474,0
46.0,-61.0,11.394845501873817,,0.045700274751425636,0.012554043888784637,0
46.0,-60.75,11.32743262783757,,-0.00782654532394937,0.0009522376609783587,0
46.0,-60.5,11.402579436794827,,0.00239957533803081,-0.016513149534635764,0
46.0,-60.25,11.481517365648083,,-0.02178109584026998,-0.055927932201878645,1
46.0,-60.0,11.489832421564609,,0.010009310879722826,-0.022193928790500014,0
46.0,-59.75,11.555837872380769,6.663418769836426,0.01190101087941231,0.01684718856876243,0
46.0,-59.5,11.547062140408334,1.758390188217163,0.04817805764639387,0.021995622906811875,0
46.0,-59.25,11.412306655812126,0.909842312335968,0.018436782556486786,-0.023890765073847475,0
46.0,-59.0,11.605033608760687,0.864350438117981,0.0033056086856069738,0.01224739420928425,0
46.0,-58.75,11.736718726779886,0.6075076460838318,0.01926369275321417,0.03195134394951752,0
46.0,-58.5,11.70372274281528,0.545265257358551,0.004304330943148912,0.007576303550043021,0
46.0,-58.25,11.80459193538152,0.5921998620033264,0.02299983299239023,0.01277561538367885,0
46.0,-58.0,11.634489198814471,0.5730004906654358,0.022349012238763642,0.02831845996433348,0
46.0,-57.75,11.873655142464838,0.5121713876724243,0.030543804713126933,-0.026155512771845676,0
46.0,-57.5,11.595038868954484,0.48855504393577576,0.019810722833891254,0.004800088875643246,0
46.0,-57.25,11.835928473672316,0.492244154214859,0.00758875502660338,0.0015226333947726163,0
46.0,-57.0,11.729817662478835,0.5065973401069641,-0.0024021828898468343,-0.04834856550340478,0
46.25,-66.5,10.877562128108138,,0.017383838640318457,0.027666135233962517,0
46.25,-66.25,11.039296992918953,,0.008612092478782456,-0.0016871716262554497,0
46.25,-66.0,11.011098263404705,,-0.010942308518279624,0.02544084311711097,0
46.25,-65.75,11.040582712201276,,-0.014638099387777754,0.023248407103181223,0
46.25,-65.5,11.042277472139663,,0.04753266601536324,0.010897325468454542,0
46.25,-65.25,11.062463120080901,,0.01731198455816698,0.01875241456999214,0
46.25,-65.0,11.217876062163544,,0.0788436876378863,-0.008239910965994815,0
46.25,-64.75,11.168780214853554,,0.004854032755410897,-0.0071062783021611925,0
46.25,-64.5,10.962479636448593,15.172109603881836,0.04283289884989668,0.005810392018790519,0
46.25,-64.25,11.174902848305713,13.616479873657227,0.0004384955183048306,-0.023316524317917108,0
46.25,-64.0,11.279543532098113,14.863876342773438,0.004562225224573502,-0.02501288824740678,0
46.25,-63.75,11.266487645113578,25.736780166625977,0.03869269554931178,-0.002476003311010477,0
46.25,-63.5,11.436964717990879,,0.03054711710891952,0.012639072552438077,0
46.25,-63.25,11.464329405650506,,0.049862447816089575,0.01197326595230603,0
46.25,-63.0,11.21672126155659,,0.006379794430222227,0.043406744145930945,0
46.25,-62.75,11.353192833334301,,-0.009421555456453972,-0.015930961983377602,0
46.25,-62.5,11.284713303008072,,0.020881186399758694,-0.014055721317160045,0
46.25,-62.25,11.510183435249035,3.4329161643981934,0.0042258887443273625,-0.021151089717059927,0
46.25,-62.0,11.394564605802994,2.208253860473633,0.04393309578099211,0.006284074973271117,0
46.25,-61.75,11.31304919238023,3.4485065937042236,0.017859412439543712,-0.006395829337641091,0
46.25,-61.5,11.432749915786584,2.1034724712371826,0.007105267436321586,-0.016169527966354208,0
46.25,-61.25,11.616544399418173,,0.04714424034357398,0.015153581510909135,0
46.25,-61.0,11.545469717852487,,0.01083745180007904,-0.005973099362280233,0
46.25,-60.75,11.580036572749055,,0.024801522015634746,0.006772562252881441,0
46.25,-60.5,11.560056139981544,,0.03241229654153492,-0.04132456896628467,0
46.25,-60.25,11.555640969722203,,0.021145333249631387,0.020122023034839634,1
46.25,-60.0,11.798824601467278,2.179654359817505,0.03928445523831399,0.012431559004067123,0
46.25,-59.75,11.675034408841082,2.3172671794891357,0.017823264378408143,0.0012396033271932227,0
46.25,-59.5,11.682757066908739,1.680775761604309,0.019805678040072543,-0.018744361854803687,0
46.25,-59.25,11.813544945450017,0.7143886685371399,0.01840770654531379,-0.042021099148890115,0
46.25,-59.0,11.856728990824774,0.706242561340332,0.008843764842508407,-0.010924065963613706,0
46.25,-58.75,11.831899590221992,0.7001728415489197,0.01451490457608294,-0.022378002059721458,0
46.25,-58.5,11.911206733194005,0.522592306137085,0.017727828901925927,-0.013337966903642527,0
46.25,-58.25,11.880700408688652,0.502459704875946,0.025047221400487207,-0.007120718864217588,0
46.25,-58.0,11.838474102926464,0.5087382793426514,-0.002285752489992016,-0.008158044591520515,0
46.25,-57.75,12.040142328473115,0.5062107443809509,-0.0006847851645892522,0.014746568550713244,1
46.25,-57.5,11.83046168347087,0.49339208006858826,0.029195255572359913,-0.0251032871912089,0
46.25,-57.25,11.900687745127076,0.5142750144004822,0.0007082054627726218,0.0076585040074070845,1
46.25,-57.0,12.10102490299347,0.5159351229667664,0.013137609685398791,-0.021383701424604395,0
46.5,-66.5,11.191036115406199,,0.014094158022236281,-0.012328813305203506,0
46.5,-66.25,11.19655296840887,,0.0041656666788003225,-0.032244893347605004,0
46.5,-66.0,11.095288186652438,,0.028172136451172204,0.004984323716941214,0
46.5,-65.75,11.246568414674261,,-0.003224457037748281,0.017973911385070554,0
46.5,-65.5,11.374892049315747,,-0.007592343577765899,0.03291355386614117,0
46.5,-65.25,11.268735572534835,,0.04922104260419195,0.017108267890846483,0
46.5,-65.0,11.470220534548696,,0.024638876900928294,-0.00898430346440438,0
46.5,-64.75,11.383799817121862,,0.05226276786731629,0.027203739414315014,0
46.5,-64.5,11.499646237392918,8.4368314743042,0.009406174826822628,-0.016593989452364996,0
46.5,-64.25,11.44940227759877,9.800942420959473,-0.01202429905875427,-9.217820546250817e-05,0
46.5,-64.0,11.5275069514865,,-0.001112906749610577,0.014173720117212279,0
46.5,-63.75,11.360918484656118,,0.034196644884087954,0.0025004808249404122,0
46.5,-63.5,11.39871302663813,,0.009578454540042951,-0.017448309544595537,0
46.5,-63.25,11.564275457208044,8.607413291931152,0.01798469020434614,-0.01937704183521217,0
46.5,-63.0,11.463780495735328,4.6063618659973145,0.04029058499702215,0.0007857845039383089,0
46.5,-62.75,11.555303331107094,3.6273374557495117,0.021677421579314057,-0.006808308768045817,0
46.5,-62.5,11.62890057314053,3.288180112838745,0.018950696439721845,0.02808062470755816,0
46.5,-62.25,11.560560636187459,2.8169236183166504,0.004523249890955526,-0.014615235588001839,0
46.5,-62.0,11.754331225570775,3.529054880142212,0.002341360993968273,-0.015350467172806182,0
46.5,-61.75,11.835579857756814,4.957703590393066,-0.00660115953451211,-0.001006466130702233,0
46.5,-61.5,11.727733164884793,6.754430294036865,-0.0020602088099475704,0.013600184125481123,0
46.5,-61.25,11.745421664427763,2.339423179626465,0.034281224652662756,0.015280650296748364,0
46.5,-61.0,11.65711520463243,,0.011181573206428793,-0.014264589107304576,0
46.5,-60.75,11.841922753759555,,0.055649649421542546,-0.026283560479303886,0
46.5,-60.5,11.697458001240312,,0.0121051724660243,0.008715431557482875,0
46.5,-60.25,11.976167222840196,6.431146144866943,0.02582138942707808,-0.009642239114960859,0
46.5,-60.0,11.853938946123666,1.7981375455856323,0.006120901935229935,-0.03069344047757281,0
46.5,-59.75,11.789671926126301,2.2256550788879395,-1.0830183257878358e-05,-0.01387817354985748,0
46.5,-59.5,11.94024066906489,1.4345492124557495,0.013358181910396626,0.009058197888914238,0
46.5,-59.25,11.97889362149808,1.1022828817367554,0.012634161947330205,-0.012593496106636856,0
46.5,-59.0,11.99893422946277,0.8290396332740784,0.04044864489861066,-0.0073147555126004595,0
46.5,-58.75,12.094164582951409,0.7979490756988525,0.024142638260865015,0.002592195557614054,0
46.5,-58.5,12.072641245559778,0.6077012419700623,0.006989192058933115,-0.019449868588754075,0
46.5,-58.25,12.008246618670565,0.4728214740753174,-0.02361387444741124,0.029627222395917197,0
46.5,-58.0,12.072340236174302,0.5381343960762024,0.02484982296763028,-0.0047081758061630966,0
46.5,-57.75,12.058039278109648,0.49577221274375916,0.019148081977415063,-0.010126965928416163,0
46.5,-57.5,12.152353424321948,0.48316240310668945,0.0052400666021352885,-0.015195436683118872,0
46.5,-57.25,12.097567901238989,0.5036599636077881,0.029798126960106194,0.003292516004908229,0
46.5,-57.0,12.171875646810516,0.5259509086608887,-0.00928821269362286,0.015963018089243247,0
46.75,-66.5,11.299678346308475,,0.03687453169737458,0.04428800658831376,0
46.75,-66.25,11.485435403607932,,-0.008469094835020126,0.0066716000672049774,0
46.75,-66.0,11.438983592064996,,0.01392571213012583,-0.0033231389619368303,1
46.75,-65.75,11.509141261399003,,-0.0017814989744974743,0.021378022416853014,0
46.75,-65.5,11.581730002132826,,0.005604989342755309,0.02027626204674176,0
46.75,-65.25,11.462342167322321,,0.0010905580190527092,0.00038384637544068394,0
46.75,-65.0,11.46713169730642,,0.04821423183237535,-0.001168456258787389,0
46.75,-64.75,11.592384173492965,9.783129692077637,0.02382375174085933,-0.014167117814727034,0
46.75,-64.5,11.634629944960162,13.646222114562988,0.028381418268210404,-0.014442358066381214,0
46.75,-64.25,11.656670367247083,,0.01397329853846612,-0.009827286151793228,0
46.75,-64.0,11.658425535594018,,0.02040600665957093,0.016545169558045573,0
46.75,-63.75,11.728870991358706,5.038496971130371,0.03063016794473666,-0.02739979072879612,0
46.75,-63.5,11.790137840971278,1.49356210231781,0.02254726661061791,0.01359971174454108,0
46.75,-63.25,11.853058626461152,1.637142300605774,-0.020744530085504195,0.01684178323999694,0
46.75,-63.0,11.774820040584391,1.8870917558670044,0.029860670698975418,-0.027722410432192833,0
46.75,-62.75,11.762708587263099,1.963574767112732,0.037680973457776504,-0.0068809027560111265,0
46.75,-62.5,11.737125967471503,2.5126492977142334,-0.0027665664730931474,-0.0022926953587017775,0
46.75,-62.25,11.789122842261046,4.919939994812012,0.022421189402184127,-0.010667248128812909,0
46.75,-62.0,11.827365125848923,6.884777545928955,0.029477190544770795,0.006953276670933178,0
46.75,-61.75,11.939297047572818,2.538972854614258,0.016668325673802827,-0.0206372094198046,0
46.75,-61.5,12.01403524761046,1.4081623554229736,-0.005253324756985556,-0.003971963280025434,0
46.75,-61.25,11.947907783463284,1.4300191402435303,0.014075766351024387,0.010533672231021151,0
46.75,-61.0,12.02956263961425,1.7963168621063232,0.0185515725993682,0.01624491129048429,0
46.75,-60.75,12.002206839412674,,-0.000273234221096038,-0.017280173417221937,0
46.75,-60.5,11.924706733554197,,0.0041546900903041755,-0.008583122212858613,0
46.75,-60.25,12.017158735194215,1.8897429704666138,0.013232464012108942,-0.004127580106810254,0
46.75,-60.0,12.102570497503212,3.024477243423462,0.008203527652342666,0.010024485247300426,0
46.75,-59.75,12.242394511812595,1.756665587425232,0.031921944662581504,-0.009617189732326612,0
46.75,-59.5,12.146200702213958,1.8670505285263062,-0.004180277397951921,0.025217155937938406,0
46.75,-59.25,12.198980983709136,1.4339580535888672,0.026510587816907346,0.005881668261941208,0
46.75,-59.0,12.155973704276427,0.9182956218719482,0.049468766383071565,0.00699175732195648,0
46.75,-58.75,12.21682381368584,0.855063259601593,0.030810302327943608,0.014483683587386158,0
46.75,-58.5,12.132419204835552,0.6002023816108704,0.006397787937807814,-0.010146098929320979,0
46.75,-58.25,12.41241367313423,0.7558886408805847,0.024160799524125344,-0.008590104549773398,0
46.75,-58.0,12.243514480090832,0.5903735756874084,0.022820099779995173,-0.045239483653107995,0
46.75,-57.75,12.268112182925558,0.6076757311820984,0.02807484787939024,0.010948245396527135,0
46.75,-57.5,12.449325501288579,0.5427115559577942,0.006612912732023676,-0.004116655175703306,0
46.75,-57.25,12.26882263406137,0.45300111174583435,0.035000369638751985,-0.018628464041953532,0
46.75,-57.0,12.454724409414728,0.5518134236335754,0.021715550341235564,-0.03192067358478017,0
47.0,-66.5,11.650258884018108,,0.026222259948076226,0.027805075967977426,0
47.0,-66.25,11.56322292256406,,0.01594406108322722,0.011759155274158445,0
47.0,-66.0,11.695456156088088,,-0.0033183565953664334,-0.019443563604770436,0
47.0,-65.75,11.66236473499011,,0.0055923081958362195,-0.0007824741138552742,0
47.0,-65.5,11.852425115995706,,0.015249380830814303,-0.03452736422841082,0
47.0,-65.25,11.70423386400922,,0.014593778099938268,0.04855631195776783,0
47.0,-65.0,11.740452016076086,,0.03168251053917833,0.03492274336445089,0
47.0,-64.75,11.669437147121766,21.67827606201172,0.04404354117574229,0.00303723265294752,0
47.0,-64.5,11.680475771500763,7.246598720550537,0.023580890803729625,0.0259547949594836,0
47.0,-64.25,11.76406008892482,8.111138343811035,0.0066267603157388185,-0.0037331401687562375,0
47.0,-64.0,12.010694214478784,,0.027973271463870165,0.011649863404864224,0
47.0,-63.75,11.887216667738386,2.8860599994659424,0.03909368434966057,-0.010735184513083772,1
47.0,-63.5,11.912109211494952,1.5868335962295532,-0.00236191440464591,0.011500780505282379,0
47.0,-63.25,11.869825051340605,2.0788471698760986,0.003624010016437834,-0.011101616657690326,0
47.0,-63.0,12.058300516275473,3.0410776138305664,0.02260737241890647,-0.0040250633515931285,1
47.0,-62.75,11.832977638916516,2.647386312484741,0.013371240895435312,0.002051829895975306,0
47.0,-62.5,12.027155557489214,3.230449676513672,0.0067492839583156595,-0.004948184346899637,0
47.0,-62.25,11.98825150909116,3.2645187377929688,-0.0046962182904790655,0.017403541598951876,0
47.0,-62.0,12.134077517423,1.7134685516357422,0.006013744796173836,-0.018739167784530913,0
47.0,-61.75,11.976505345782849,2.2534053325653076,-0.001947174127662159,0.011467954625957994,0
47.0,-61.5,12.22541345005039,2.3420515060424805,0.033224437789066974,-0.00578511356849516,0
47.0,-61.25,12.11966857802903,1.8991248607635498,0.0053277038067198025,-0.0002674809406099394,0
47.0,-61.0,12.126831033281983,2.071784734725952,0.0032601298838254326,-0.007676967394888001,0
47.0,-60.75,12.089429849045718,1.8867915868759155,0.018779072140719024,-0.015097503518025055,0
47.0,-60.5,12.195092756720333,,0.023949195444445837,-0.0230573483979191,0
47.0,-60.25,12.443183056792842,1.947260856628418,-0.004668904271767984,-0.016692336525580737,0
47.0,-60.0,12.361565452752382,1.7918744087219238,0.034955903907369495,-0.01064947814897671,0
47.0,-59.75,12.351887254116551,1.6453008651733398,0.027220948038551535,-0.027632758238475608,1
47.0,-59.5,12.29188453474586,1.3688124418258667,0.009063786694349322,0.021866541046817053,1
47.0,-59.25,12.400987754242404,0.8768066763877869,0.04442558920411309,-0.0003639828220709535,0
47.0,-59.0,12.437147765799363,1.0599232912063599,0.030223695807702268,0.014328629884869031,1
47.0,-58.75,12.396516662174768,1.0005981922149658,0.032636445197485646,0.023507289348248923,0
47.0,-58.5,12.481193162030902,0.7702374458312988,0.03734965232403542,0.017273443137370923,0
47.0,-58.25,12.49236454653487,0.65993732213974,0.015539393120486524,0.02472238243814648,0
47.0,-58.0,12.444138817788577,0.6403504014015198,-0.012483714922183038,0.0013654472361169095,0
47.0,-57.75,12.525237420188029,0.6637862324714661,0.00876616477722852,-0.006959294134777985,0
47.0,-57.5,12.541487957278523,0.6229351162910461,0.0028272404969624304,0.006088521863534497,0
47.0,-57.25,12.549826400010456,0.6908486485481262,-0.0048393170284283474,-0.006254455369697074,0
47.0,-57.0,12.636287995502563,0.6659393310546875,0.01445323679888916,0.006611421523096205,0
47.25,-66.5,11.725770063562456,,0.005735653996258023,0.0030279908965186314,0
47.25,-66.25,11.953449656445269,,-0.0028052221887167094,-0.011079302933509234,1
47.25,-66.0,11.924611517995759,,0.017991467787897,0.004340138117551805,0
47.25,-65.75,11.942974395431618,,0.033806796019340724,-0.018288678797352402,0
47.25,-65.5,12.03395302773392,,0.009314855943956684,0.011221222911597722,0
47.25,-65.25,11.819797993592209,,0.015567259196808302,-0.0018794020770339405,0
47.25,-65.0,11.88370488159655,,0.039690664238916346,-0.005119832640834222,0
47.25,-64.75,11.889374829317104,5.038193225860596,0.014985226822372312,-0.00393909524410584,0
47.25,-64.5,11.962284912261202,3.5556766986846924,0.01957118742123696,-0.006097468862969939,0
47.25,-64.25,11.98178673665065,2.2395567893981934,0.007671574091620938,0.011723265953389812,0
47.25,-64.0,12.06616501930982,2.129840850830078,0.001714394554572454,0.013149753675091167,0
47.25,-63.75,12.29740063078295,2.2087576389312744,0.003244857142517214,-0.00392277155662825,1
47.25,-63.5,12.063111754293825,2.494279623031616,0.014319073301422645,0.017560870818568466,0
47.25,-63.25,12.092559112516877,2.585472345352173,0.03231573880034797,0.0038382396253947675,0
47.25,-63.0,12.09598623320099,2.52128267288208,-0.011577299841591476,0.008844655502931566,0
47.25,-62.75,12.151298217121568,3.627653121948242,-0.021335590269462464,0.017836621619031018,0
47.25,-62.5,12.230313671252485,3.364696979522705,0.028511306086756314,-0.029786053871657732,0
47.25,-62.25,12.452744016829465,1.6039259433746338,-0.0009536738055646336,0.008418662417163611,0
47.25,-62.0,12.236957762124337,1.4656472206115723,0.019739751801809,0.010929921009052067,0
47.25,-61.75,12.312681567540569,1.9532127380371094,-0.008835393320625608,0.0628758674631268,0
47.25,-61.5,12.27800240703725,1.2125355005264282,0.036358082017274015,-0.007782594323014586,0
47.25,-61.25,12.334719671355852,1.3614354133605957,0.037582115392430226,-0.016447725527555544,0
47.25,-61.0,12.501643626206564,1.5132228136062622,0.047548815499355454,-0.01604693277371439,1
47.25,-60.75,12.43306834801754,1.7048864364624023,0.02281121125588426,0.01088490226783693,0
47.25,-60.5,12.319371073947584,2.29704213142395,-0.005187665006625039,0.01658515064258786,0
47.25,-60.25,12.605784584042992,2.075528383255005,0.017830013564292552,-0.007880331021091385,0
47.25,-60.0,12.53419644087182,1.6305922269821167,-0.01197337708239345,0.01767790430169898,0
47.25,-59.75,12.586970601464666,1.4091259241104126,0.015463260031883507,0.0011319526725947389,0
47.25,-59.5,12.560528629709305,1.101817011833191,0.030254786533688655,0.031945765730862954,0
47.25,-59.25,12.407989019479068,0.8417473435401917,0.01147936271852498,0.016415226501314256,0
47.25,-59.0,12.55445469185353,0.9815545082092285,0.020292702308917394,-0.007222371807657281,0
47.25,-58.75,12.402451790678088,0.886795699596405,0.0191932513810031,-0.014468604545881168,0
47.25,-58.5,12.700100144702288,0.7088097929954529,0.01454599626529894,0.014429791288157894,1
47.25,-58.25,12.549690613224502,0.7088544368743896,0.05415947688287814,0.008192779000378042,0
47.25,-58.0,12.935236805687442,0.7017078399658203,-0.018398469555995882,0.012817472211913681,0
47.25,-57.75,12.663663885014769,0.7015946507453918,0.005592394988610827,-0.02891505871711196,0
47.25,-57.5,12.677810679422299,0.5805451273918152,0.02414182046192006,-0.01087990855898342,0
47.25,-57.25,12.897926533979001,0.665717601776123,0.027615733602844035,0.005623647043925361,0
47.25,-57.0,12.82362555058504,0.6166947484016418,0.0004379059260946807,0.005985426106328561,0
47.5,-66.5,12.023879122117558,,0.017954906917454293,-0.0420718526219113,0
47.5,-66.25,11.82074537015318,,0.02815072282208103,0.004578247275476375,0
47.5,-66.0,11.983383580618147,,0.012484223212030226,-0.024649970806516028,0
47.5,-65.75,12.111030568687902,,0.020042893044979686,0.040139272773487576,0
47.5,-65.5,12.211566836431128,,0.008904948544886295,-0.022207240737527945,1
47.5,-65.25,12.017997346434548,,-0.009659055541463289,-0.018668420962565175,0
47.5,-65.0,12.26979148491576,,-0.007100193761309659,-0.0226819089363439,0
47.5,-64.75,12.171931888291484,6.016005992889404,0.025308796053671225,0.008882755046666052,0
47.5,-64.5,12.179742746370815,3.1008002758026123,0.005212340368297916,-0.02945025696284071,0
47.5,-64.25,12.203004421015521,2.265582799911499,-0.0150856113305089,0.016145846066199773,0
47.5,-64.0,12.379512975797581,2.0520646572113037,0.023627227318466473,-0.012887764905810435,0
47.5,-63.75,12.301964292607869,2.1366775035858154,0.016159266390812214,0.0015263589709819288,0
47.5,-63.5,12.394174876979669,4.648640155792236,0.012931574700427953,-0.0041884534964696,0
47.5,-63.25,12.197795215434809,3.992001533508301,0.025089687350023985,0.010551790383392275,0
47.5,-63.0,12.444740814959902,2.929349184036255,0.03208763076494592,0.016458629429471183,0
47.5,-62.75,12.293938710189732,3.3088319301605225,0.024679029034498465,0.0003295821882251856,0
47.5,-62.5,12.330285713765095,2.538755178451538,0.03268307423998681,-0.028650619035146735,0
47.5,-62.25,12.383512791480914,2.0034329891204834,0.05565294548978296,-0.019511668043811145,0
47.5,-62.0,12.457262348973309,1.7742810249328613,0.033438228988937425,-0.017787201396631182,0
47.5,-61.75,12.587987731130289,1.6646928787231445,0.01331186987318411,-0.013996510227925144,0
47.5,-61.5,12.496694509640484,1.4009572267532349,0.031054565987242756,0.015753063817075842,0
47.5,-61.25,12.570753950221315,1.474658489227295,0.03835651134611001,0.004849185349920557,0
47.5,-61.0,12.518347705514394,1.2889060974121094,0.00069670416198436,0.019214275359536327,0
47.5,-60.75,12.549121962343401,1.4327726364135742,0.016534734175187797,-0.005161036826144963,0
47.5,-60.5,12.659411008428028,1.8620532751083374,0.050551611081446304,0.042099459679748596,0
47.5,-60.25,12.704917270700086,1.4647432565689087,0.015132788415919168,-0.012814293700395229,0
47.5,-60.0,12.778904786339096,0.9687983393669128,0.0182662032592932,-0.008178085188747982,0
47.5,-59.75,12.627465408404152,0.8825967311859131,-0.021764080266284923,0.0023922231456108747,0
47.5,-59.5,12.901097738393723,0.902823269367218,0.03086636543319262,0.026296024529203866,0
47.5,-59.25,12.7918228771394,1.0655966997146606,0.017044228045510833,0.0005971965225301142,0
47.5,-59.0,12.92538648160949,1.122828483581543,0.031790191928646,-0.0004167108625501171,0
47.5,-58.75,12.750502775830206,0.8663772344589233,-0.011466456872342814,0.029817536096850453,0
47.5,-58.5,13.041858616898473,0.9462789297103882,0.012178639287661207,-0.0013921263470256205,0
47.5,-58.25,12.777188983267198,0.5713364481925964,0.005580400949604783,0.004198113872408225,0
47.5,-58.0,12.964650193103163,0.7206043601036072,0.01784396081537991,-0.011917068447313921,0
47.5,-57.75,12.946088866525992,0.8577752709388733,-0.001316466269953478,-0.005561319010365462,0
47.5,-57.5,12.841509112220997,1.336459994316101,0.009133000877944893,0.011558206937414573,0
47.5,-57.25,13.054156766465963,3.3038315773010254,0.00907708333693614,-0.011087170221327087,0
47.5,-57.0,13.01624121751163,1.6026006937026978,0.007531559024820658,-0.01614356677873853,0
47.75,-66.5,12.220989798997282,,0.012537923699180163,0.02338841317983737,0
47.75,-66.25,12.265920536275122,,-0.009685619822544523,0.01000489171592119,0
47.75,-66.0,12.143399656267913,,0.023782288903192738,0.0169070137936728,0
47.75,-65.75,12.446984297586157,,0.02596931994665522,0.01776263984224758,0
47.75,-65.5,12.260405725837366,19.725296020507812,-0.021460700758745312,0.0378163995220014,0
47.75,-65.25,12.379687532806315,,0.0024120158096003967,0.013382782370817211,0
47.75,-65.0,12.414460960237621,,0.008383214625251302,0.0168153199980089,0
47.75,-64.75,12.416350668993617,,0.034040374303490384,0.03962522836743006,0
47.75,-64.5,12.358404410137982,6.389808177947998,-0.00821982150166544,0.0032983412272027147,0
47.75,-64.25,12.415068360458365,2.5247609615325928,0.027075075713036398,0.0023656761589770647,0
47.75,-64.0,12.434876912968479,3.010350227355957,-0.001169991231797023,-0.016705556226539114,0
47.75,-63.75,12.558442896594196,2.229025363922119,0.006132433901352675,-0.03539254703675905,0
47.75,-63.5,12.582121978020528,2.6603140830993652,-0.015581102686374897,0.009429661239147152,0
47.75,-63.25,12.556351135979886,2.828827381134033,-0.003813848330098113,0.012680765638362686,0
47.75,-63.0,12.529583649040777,2.3837153911590576,0.03214737209977582,-0.007425562399508619,0
47.75,-62.75,12.63598711368789,2.391993761062622,0.00021611606591703976,-0.020037064129544997,0
47.75,-62.5,12.640039334370565,2.10187029838562,0.028809844742530982,-0.03346966024594464,0
47.75,-62.25,12.770590101277545,2.1526265144348145,0.004070566075100106,-0.006030667477097743,0
47.75,-62.0,12.737711204930145,1.3417197465896606,-0.014913219054158405,-0.008501734684447386,0
47.75,-61.75,12.666974605232468,1.4360263347625732,-0.010121133129027586,0.006672512410043909,0
47.75,-61.5,12.740997100608592,2.1317896842956543,-0.015344028460257782,0.0043432269969000195,0
47.75,-61.25,12.849718226670687,1.5853021144866943,0.013521852390299521,-0.015826949352973692,1
47.75,-61.0,12.865598227162318,1.6385115385055542,0.040305139602679875,-0.016791012812782353,0
47.75,-60.75,12.765295002182285,1.3955410718917847,0.017122557539702706,-0.007414414243193465,0
47.75,-60.5,12.817288347925231,1.283333659172058,0.04066985979631238,-0.044435525166588226,0
47.75,-60.25,12.888794493294881,1.0168417692184448,-0.013725788454614701,0.03444220618856264,0
47.75,-60.0,12.831207665219745,1.1264792680740356,0.02889716492870156,-0.0022228276359179053,0
47.75,-59.75,13.09235641440132,1.165734887123108,0.022139780505312356,0.026126207191279723,1
47.75,-59.5,12.896622144819398,1.2179094552993774,0.025095019037818182,0.01078730389355435,0
47.75,-59.25,12.960033052218396,,0.04327539473752818,0.029537958505616795,0
47.75,-59.0,12.932092179978875,,0.027826662896392795,0.0006174896134836551,0
47.75,-58.75,12.91061205234434,,0.05669273182694385,-0.009729831975223795,0
47.75,-58.5,13.07489658353435,,0.022572169953853766,0.037035100077775635,0
47.75,-58.25,12.986808750078136,,0.0075480893944677215,0.012301066325074052,0
47.75,-58.0,13.070036454322304,,0.014005328272007466,-0.008916185137415563,0
47.75,-57.75,13.168677915296165,,0.014250974228544386,-0.0015268524147449315,0
47.75,-57.5,12.99095574127647,,0.023371801525518255,0.018675836765843036,0
47.75,-57.25,13.126261884452537,,0.000809163845740167,0.012702950843193448,0
47.75,-57.0,13.143376724674884,,0.011762272091538871,-0.0009800383492677058,0
48.0,-66.5,12.328743017102576,,0.0017092485361561915,-0.021058649114277038,0
48.0,-66.25,12.530605159445651,10.353270530700684,-0.005920468473666992,0.018456167733806553,0
48.0,-66.0,12.460279454939528,9.68359661102295,0.03001348771895793,-0.002266382098391074,0
48.0,-65.75,12.449020207403285,10.741765022277832,0.029573842960739453,-0.0205440647739454,0
48.0,-65.5,12.418914794768662,13.169929504394531,-0.015998516574400833,0.017347925276531246,0
48.0,-65.25,12.59900718303057,19.643930435180664,-0.0029884173208771566,0.011704060955307728,0
48.0,-65.0,12.550843011963615,11.799556732177734,-0.0029918464531110142,0.033783303799817595,0
48.0,-64.75,12.493760930208794,9.539046287536621,0.030470673132081946,-0.036233453443982266,0
48.0,-64.5,12.657979314908717,9.546149253845215,0.05233546069864312,-0.007057292297379499,0
48.0,-64.25,12.5926702660806,8.25399398803711,0.008034372045819095,-0.002772720468701721,0
48.0,-64.0,12.569520318063933,7.630900859832764,0.04440970538245596,0.01742140881243329,1
48.0,-63.75,12.619295295650396,4.53173303604126,0.010903907122597326,-0.007517264480286501,0
48.0,-63.5,12.84582228659685,3.1674814224243164,-0.006222121665600509,-0.036037673006493326,0
48.0,-63.25,12.76653634127025,2.751227378845215,-0.002571027954998097,-0.005391397482932062,0
48.0,-63.0,12.845015874011981,2.450849771499634,0.01702537193290007,-7.611094231562213e-05,0
48.0,-62.75,12.749866332299375,1.6591784954071045,0.04192223182571821,-0.004884290973066351,0
48.0,-62.5,12.787936238575961,1.5895861387252808,-0.00924800932644264,-0.009341313110156239,0
48.0,-62.25,12.781331725508332,1.5177693367004395,-0.0035601052332940863,-0.0082469946231205,0
48.0,-62.0,13.023345078359041,2.0482096672058105,0.03401846521175013,-0.004949971360627629,0
48.0,-61.75,12.895019098381614,2.2229228019714355,-0.007489746372736637,-0.011608440575656864,0
48.0,-61.5,12.897107775953412,1.9783811569213867,0.04095357666227595,-0.01063134603341979,0
48.0,-61.25,12.912991383558152,1.6422370672225952,-0.006603719844639678,0.017642430352083464,0
48.0,-61.0,12.898889857711168,1.2915034294128418,0.024798067135564088,-0.007018713118451725,0
48.0,-60.75,13.17909524155378,1.069737434387207,0.013923102645186074,-0.033097645357104064,0
48.0,-60.5,12.989552959774128,1.3608298301696777,0.02503723601630045,0.015515339797465095,0
48.0,-60.25,13.031556848210705,1.3473916053771973,0.025163206137289305,0.016612643052119888,0
48.0,-60.0,13.112624826063811,0.8588454723358154,0.019249507078085554,0.003477737642793549,0
48.0,-59.75,13.066159492829403,1.2217966318130493,-0.014021739054292586,0.003250853391758457,0
48.0,-59.5,13.092195223535095,1.5382118225097656,-0.0040200888013187394,-0.0006819051347994737,0
48.0,-59.25,13.170372747820343,1.9280678033828735,-0.002904734602531986,-0.02126134362986659,0
48.0,-59.0,13.214084181920063,,0.01700391519947805,0.0069904023961388125,0
48.0,-58.75,13.239184557085101,,0.02316658690375596,-0.02612370458645273,0
48.0,-58.5,13.200750711069956,,0.019414519276799724,0.010492117166839607,1
48.0,-58.25,13.267519581922613,,0.0020540034481272883,0.00021435282322370894,0
48.0,-58.0,13.36487758187358,,0.039095443013950654,0.02726303313891921,0
48.0,-57.75,13.3588181905581,,0.002877812841492737,-0.020356381331724387,0
48.0,-57.5,13.28332534576651,,0.009838977954491844,0.01093024509680491,0
48.0,-57.25,13.193133550244967,,0.043097067346434946,-0.016487671195599643,0
48.0,-57.0,13.372026184597681,,0.03338579562060119,-0.005085919886586918,0
48.25,-66.5,12.576460530327829,,-0.0032219482871353178,0.00021224588506746356,0
48.25,-66.25,12.575681339786176,,-0.00701929492457437,0.004620325074372193,0
48.25,-66.0,12.760491621100925,,0.01974884368761413,0.02315832180341289,0
48.25,-65.75,12.631843020301266,,0.06191035143023769,-0.0005934592446922415,0
48.25,-65.5,12.641212330318309,,-0.0005000551326975342,0.012873818550640296,0
48.25,-65.25,12.827329698399561,,0.02630225611088735,-0.0008285927320410558,0
48.25,-65.0,12.64811713962751,,0.029065486813465997,-0.017919206346536584,0
48.25,-64.75,12.693912428925671,,0.05402126199612781,-0.006762275590021443,0
48.25,-64.5,12.764444748842811,16.580224990844727,0.01637108162744786,-0.038531307563443126,0
48.25,-64.25,13.04884872199512,6.650583744049072,0.011475639463686174,-0.002792729264818661,0
48.25,-64.0,12.864168030705523,9.800403594970703,0.05518921963828992,-0.013660932851352135,0
48.25,-63.75,12.959472616080781,5.326777935028076,0.026571354315852055,0.009053510292516938,0
48.25,-63.5,12.87677861326674,4.158308029174805,0.02962929277614494,0.01188094505341708,0
48.25,-63.25,12.916635270975757,4.9364471435546875,0.021470582073868663,-0.00906171317122969,0
48.25,-63.0,12.850318452776447,2.9082067012786865,0.05385378976850161,-0.015170202178296267,0
48.25,-62.75,13.12058441279156,2.284675359725952,0.0212202408466571,-0.0039146377057317355,0
48.25,-62.5,13.008273871914696,2.2868881225585938,0.024330207264016995,0.011772514822359255,0
48.25,-62.25,13.222725606234384,1.4788011312484741,0.024239980174571542,0.01491875363415095,0
48.25,-62.0,13.050782905589191,1.6470435857772827,-0.009547557490272064,-0.0114206839405089,0
48.25,-61.75,13.076120730296928,1.4499293565750122,0.004561036435106814,-0.003560742934094082,0
48.25,-61.5,13.085597289980338,1.2757487297058105,-0.003299917442836189,0.015734534217766407,0
48.25,-61.25,13.125002856078408,1.1801667213439941,0.027181623698762016,-0.03349425990972507,0
48.25,-61.0,13.228191993071897,0.8477270007133484,0.034825369581074545,-0.025754601416982152,0
48.25,-60.75,13.204800863091931,0.9409210681915283,0.007561435239442757,-0.009741937231422082,0
48.25,-60.5,13.269254205084577,1.2699623107910156,0.0043446452297681605,0.003882986278358735,0
48.25,-60.25,13.129650229813654,1.0860031843185425,0.034456145507129624,1.827406184729853e-05,0
48.25,-60.0,13.324547349232041,1.210684061050415,0.026765969159566097,-0.010327750288377116,0
48.25,-59.75,13.21842381462275,1.1276980638504028,0.029400813299632303,0.02631546598057742,0
48.25,-59.5,13.378690947737944,1.53266441822052,0.0199224067818426,0.007534700844259168,0
48.25,-59.25,13.338725147439709,1.585202693939209,0.009678710010928852,-0.03208261664136579,0
48.25,-59.0,13.41960382100321,2.2746469974517822,0.03789813264136923,0.0017189543903764473,0
48.25,-58.75,13.393250525630869,,0.0006132386354225656,-0.010166379714590801,0
48.25,-58.5,13.581170136879605,,0.028520682391344025,-0.028720061107986316,0
48.25,-58.25,13.493291011409747,,0.03193213424241604,0.009212585541851292,0
48.25,-58.0,13.477624851148109,,0.017067069146497357,0.000616801151095081,0
48.25,-57.75,13.390747883810105,,0.057495332206412536,0.03262375377546677,0
48.25,-57.5,13.587342544249301,,0.010911034541678041,0.0037895026924601866,0
48.25,-57.25,13.341035361053327,,0.013169185875955272,0.006092307078181753,0
48.25,-57.0,13.723475613804148,,0.01669855769115136,-0.020522324479461132,0
48.5,-66.5,12.815820344290962,,0.02866060034099717,-0.0033450131512738736,0
48.5,-66.25,12.891191846674056,,0.01842584284629798,0.02070849915843598,0
48.5,-66.0,12.93638080184665,,0.00853574207617637,-0.0028886690660757733,0
48.5,-65.75,12.921541973610111,,-0.01072186914353591,3.024751790225988e-05,0
48.5,-65.5,12.759873881760846,,0.02172126015582007,0.010904679270707996,0
48.5,-65.25,12.849758153505222,,0.027609091100153575,-0.04129582463295628,0
48.5,-65.0,12.932551864599427,,0.022974246453480916,0.01150121530737889,0
48.5,-64.75,13.085894784860866,,0.012339373683717118,-0.006087336379544075,0
48.5,-64.5,12.875801359297238,,0.03291816736854691,0.02055803026006064,0
48.5,-64.25,13.13959956286633,,-0.0030292277131515792,0.03226742287103366,0
48.5,-64.0,13.081010838055853,33.66617202758789,-0.007096752157355863,-0.007636685328132054,0
48.5,-63.75,13.145383467084313,8.682411193847656,0.011195770027637227,0.02570054870586416,0
48.5,-63.5,13.188615070408918,5.679197311401367,-0.007734533114711947,-0.014657957764891875,0
48.5,-63.25,13.201481320409261,4.442405700683594,0.01816434942997222,-0.024692493389001327,0
48.5,-63.0,13.307047179411553,3.568903684616089,0.0002566335751483938,-0.021964745098102676,0
48.5,-62.75,13.206712142560288,2.0319292545318604,0.013583929662771069,0.007918272059426967,1
48.5,-62.5,13.13301234593482,1.8192024230957031,0.01767749256976564,0.004609963974335753,0
48.5,-62.25,13.226894623229288,1.5127215385437012,0.02967799775396134,0.003355753984927762,0
48.5,-62.0,13.342820121608984,0.9738072752952576,0.004195244539465326,0.04139831038567136,0
48.5,-61.75,13.313175882404211,0.9318127036094666,-0.0017343699875593584,-0.014713150368860747,0
48.5,-61.5,13.374490360154699,0.8712514042854309,0.004567244376318072,0.00032430932613062603,0
48.5,-61.25,13.38248277162368,0.758112907409668,0.03931200306139709,-0.025917505107562983,0
48.5,-61.0,13.419925533320031,0.7120428085327148,0.0007542318546680786,0.0014011225727493396,0
48.5,-60.75,13.373474512800707,0.9708055853843689,0.015257239747548714,0.007321477398192337,0
48.5,-60.5,13.461925395187816,1.1005421876907349,-0.009831217535376531,0.037328234563483075,0
48.5,-60.25,13.625367595203977,1.3169472217559814,0.01882924623756325,-0.0008410425207154154,0
48.5,-60.0,13.450520070122506,1.1457892656326294,-0.006285555047984831,0.004215110980557801,0
48.5,-59.75,13.59946196071948,1.0999678373336792,0.024857993252464485,0.009146072071691087,0
48.5,-59.5,13.582752337671725,1.0572915077209473,-0.006363151224363506,0.04832009563941338,0
48.5,-59.25,13.506090310134441,1.5083719491958618,-0.01331158269337739,-0.023536448094253162,0
48.5,-59.0,13.57665959282035,,0.00890856866661115,0.0168800574127366,0
48.5,-58.75,13.665308708794004,13.46214771270752,0.03953020169392962,0.004764388023425431,0
48.5,-58.5,13.582103185353755,,0.043550324837445226,-0.05008147870920402,0
48.5,-58.25,13.617344244890372,,0.014270165753792951,0.01892993981422559,0
48.5,-58.0,13.703842798355208,,0.02713543131905942,-0.005926431068220205,0
48.5,-57.75,13.593512090040365,,0.03183051282312874,-0.032050547268692255,1
48.5,-57.5,13.7100324272944,,0.011930159546818711,-0.013257333562880294,0
48.5,-57.25,13.795774606931907,,0.006583404395436372,0.016582555175693233,0
48.5,-57.0,13.700509132188733,,0.0007856938660644607,0.008154469667817792,0
48.75,-66.5,12.986384099044294,,0.002411445435356259,-0.01589532099899317,0
48.75,-66.25,13.10430390383317,,0.015519056392221694,-0.012002257122669016,0
48.75,-66.0,13.205129367647485,,-0.014797092846492381,-0.015518663921346085,0
48.75,-65.75,12.972399760891209,,0.03091446776216847,0.0191501063012797,0
48.75,-65.5,13.030491766331933,,0.021703763707774205,-0.004166795082987849,0
48.75,-65.25,13.145420282924563,,-0.005205482641729865,0.01635420885678953,0
48.75,-65.0,13.19083657652329,,0.03392350011089212,-0.012085248573077712,0
48.75,-64.75,13.14298122558659,,0.05502810399741724,0.006096070823390278,0
48.75,-64.5,13.252912799844058,,0.04184475827047325,0.0035934185717045857,0
48.75,-64.25,13.152977849315324,15.458287239074707,0.04299744834791105,0.030823696437574974,0
48.75,-64.0,13.20713583720539,16.060100555419922,-0.009049512277413036,0.00045332236289280167,1
48.75,-63.75,13.237791945688706,2.8676414489746094,0.01723770653982163,-0.018431611497722156,0
48.75,-63.5,13.47486764054709,4.40903902053833,0.020549088815914076,-0.04052139404797851,0
48.75,-63.25,13.3506699924589,1.7371201515197754,0.028508959007043748,0.021710512039100308,0
48.75,-63.0,13.359248121844685,2.1728718280792236,0.03978829944060816,-0.012096969062099509,0
48.75,-62.75,13.29119555797241,1.5401105880737305,0.048454056838772824,0.014383080435642214,0
48.75,-62.5,13.331620354769202,2.290428638458252,-0.0005813708589992488,0.003191474085189607,0
48.75,-62.25,13.430705881957323,1.2802761793136597,0.008674544923748254,-0.026097378003294692,0
48.75,-62.0,13.440285971931907,0.8060610294342041,0.03687484013414659,-0.018226741740464136,0
48.75,-61.75,13.396826476089593,0.885301411151886,0.008778763518267714,0.03499077502764959,0
48.75,-61.5,13.510525732866672,0.8399357795715332,-0.023439238852420236,0.004774648835083942,0
48.75,-61.25,13.528777464847963,0.9331368803977966,-0.007648713458733381,0.005985251709349885,0
48.75,-61.0,13.678411108986435,1.1396293640136719,-0.023880526028369847,-0.0011174058083175849,0
48.75,-60.75,13.67136905093966,1.2231987714767456,0.051829152972753784,-0.01335291378179301,0
48.75,-60.5,13.561943080306294,0.8836677670478821,-0.014439938152703917,-0.019051537726996727,0
48.75,-60.25,13.597903426622157,0.986478328704834,0.02487326303416202,-0.009830445439096214,1
48.75,-60.0,13.522964452051715,0.9500687122344971,0.007483059692362447,-0.005569035822833332,0
48.75,-59.75,13.660751132934637,1.0412611961364746,0.03627732923361382,0.01353636527230469,0
48.75,-59.5,13.807597421565685,1.1677745580673218,0.005531465618138843,-0.033521613288372325,0
48.75,-59.25,13.837686159045413,0.7820918560028076,0.03013692782788249,-0.015509050412976724,0
48.75,-59.0,13.786337908380348,0.7365030646324158,0.0392142426008085,0.01854340642016463,0
48.75,-58.75,13.922091201810508,1.3932775259017944,-0.014089861671221867,0.009951655443333294,0
48.75,-58.5,13.84026313189088,,0.006747585065929087,-0.006352109035608209,0
48.75,-58.25,13.92753755000291,,0.04523383097528408,0.0043117000186387,0
48.75,-58.0,14.07962723530029,,0.020746348437335305,0.013778101974909227,0
48.75,-57.75,13.873639693181476,,0.005313369518100597,0.005392885472492543,0
48.75,-57.5,13.892914978785454,,0.041996215859817915,-0.024530840810731036,0
48.75,-57.25,14.023763608173438,,0.040804222249324125,-0.01386469622103104,0
48.75,-57.0,13.916369997415881,,-0.01272380283509652,-0.007236307697255164,0
49.0,-66.5,13.065740458422633,,0.026083414135757724,0.006140950193315776,0
49.0,-66.25,13.217040646403541,,0.030169708165654386,0.016310049212162742,0
49.0,-66.0,13.186653980936262,,0.006063442593307535,-0.008937205414973441,0
49.0,-65.75,13.253454195541353,,-0.0002815729605025524,-0.016234511840457447,0
49.0,-65.5,13.165271323744172,,0.015002150326320303,-0.014775912092861066,0
49.0,-65.25,13.260909190754267,,0.005197687556899642,-0.005046917977309554,0
49.0,-65.0,13.288395435762563,,0.042085380821841566,0.021901342799785888,0
49.0,-64.75,13.256534241032433,,0.038745872590905624,-0.006830817639570306,0
49.0,-64.5,13.479320779836813,,0.03858062861070408,-0.003526056127947286,0
49.0,-64.25,13.381504371080057,3.7225420475006104,0.0320718874707132,0.007922150778843541,0
49.0,-64.0,13.61435379065321,1.8095753192901611,0.002442036843745486,-0.026230107170377708,0
49.0,-63.75,13.43437901287155,1.3125323057174683,0.018717060167003047,0.015614797287558806,0
49.0,-63.5,13.53025756818036,1.7912044525146484,0.00372212215247028,0.026550691885248563,0
49.0,-63.25,13.387858135888305,1.3350633382797241,0.03824871742052824,-0.014349784204960438,0
49.0,-63.0,13.606761824712757,1.2443363666534424,0.027690444809677788,0.006095860553369515,0
49.0,-62.75,13.781774380464782,1.1737017631530762,0.047875400776780236,0.02203722056750843,0
49.0,-62.5,13.594391518486832,2.142960786819458,0.01741411501630686,-0.0073444135979074,0
49.0,-62.25,13.582411449252241,1.5984796285629272,0.004310190733771507,0.0032035572289629433,0
49.0,-62.0,13.628784051052788,1.7546011209487915,0.0033025060778567143,0.034404456863259825,0
49.0,-61.75,13.816686252282912,1.4362726211547852,0.008079953172708293,0.02118424485315249,0
49.0,-61.5,13.706764982967364,1.5498456954956055,0.026519525357271582,0.01330158876796305,0
49.0,-61.25,13.808075674553836,1.1604772806167603,0.020038960918248843,-0.013325921786752223,0
49.0,-61.0,13.770818444408524,1.1118651628494263,0.009563319024633515,-0.009319318659615912,0
49.0,-60.75,13.821671335804291,1.2430179119110107,0.04651261639815989,0.009456909788001143,0
49.0,-60.5,13.794577060897483,1.0540214776992798,0.009183408031729613,-0.0025193422308772287,0
49.0,-60.25,13.815738269614265,0.9629283547401428,0.028749667461254083,0.004903765043288348,0
49.0,-60.0,13.819557635176965,1.3705956935882568,0.012871669210524577,0.028460370658429622,0
49.0,-59.75,13.682753691193806,1.0496498346328735,0.02409694875250571,-0.0025409206831612415,0
49.0,-59.5,13.979143223291903,0.9836733937263489,0.013186237361273057,0.018670955830481797,0
49.0,-59.25,13.933406401997656,0.82856684923172,-0.01039649106440545,0.0021002847397931824,0
49.0,-59.0,14.056720512754115,0.6963767409324646,0.014876483307270413,-0.01698654804891628,0
49.0,-58.75,13.984074054551428,0.6249644756317139,0.007202107821753657,0.005793523005699696,0
49.0,-58.5,13.98548864776199,0.7403116822242737,0.03706629676948574,0.006257653701412252,0
49.0,-58.25,13.934769008313234,,0.023299516135277313,0.0014078820810613651,0
49.0,-58.0,14.026962293196721,,0.02100418072891104,0.04285710219425409,0
49.0,-57.75,13.956059595286469,,0.009740504575530167,0.0029737725485910783,0
49.0,-57.5,14.022652989950188,,0.032280440749936565,-0.01618066690951125,0
49.0,-57.25,14.139889616128546,,0.04323244852215834,0.02359100835267225,0
49.0,-57.0,14.186399594771338,,0.006692105623014398,-0.05262016509013175,0
49.25,-66.5,13.523167861090513,8.778634071350098,0.026590571518959934,-0.01963216377466857,0
49.25,-66.25,13.309838524011258,11.028658866882324,0.030705809779168553,0.003815806476467079,0
49.25,-66.0,13.468161821392055,17.815929412841797,0.010355911768151562,0.008300177911009886,0
49.25,-65.75,13.436845298995708,6.672599792480469,0.007517715597755165,-0.007393168816592159,0
49.25,-65.5,13.414857535306927,8.446122169494629,0.008427435932442974,-0.034802120262953845,0
49.25,-65.25,13.519212857021753,10.651867866516113,0.005152888208893667,0.016536378297364075,0
49.25,-65.0,13.478229008371391,8.97146224975586,-0.0024531974623802806,0.0013448458029546514,0
49.25,-64.75,13.528894216747672,10.038530349731445,0.0021009700332671223,-0.007208715742623667,0
49.25,-64.5,13.347497252625423,13.248082160949707,0.02325573939752089,-0.013732513142427454,1
49.25,-64.25,13.57253636016301,13.013311386108398,0.04322396048782028,-0.013191284482020407,0
49.25,-64.0,13.717981599640865,3.480275869369507,0.004199621050409254,-0.018549667230205874,0
49.25,-63.75,13.696192342736781,1.4920964241027832,0.03864468353945496,-0.006391652542301465,0
49.25,-63.5,13.544340385438131,1.624839186668396,0.02574734232697722,-0.0020111288747562267,0
49.25,-63.25,13.632765605180655,0.7995586395263672,-0.007663374506694154,0.02072810590438738,0
49.25,-63.0,13.636952898870048,,0.005707077741214003,0.010502194923511626,0
49.25,-62.75,13.845812087717624,,0.0053993409758465415,0.04612151270657252,0
49.25,-62.5,13.798148711010766,,0.00969849563492548,0.011637765534088842,1
49.25,-62.25,13.936633312563933,,0.006699486785907677,-0.0113710718789338,1
49.25,-62.0,13.798790786776772,,-0.0037126446994985482,-0.026876471200450818,0
49.25,-61.75,13.853867667553176,1.7463680505752563,0.03278713324420991,0.020083885964620525,0
49.25,-61.5,14.001631589051488,1.295979619026184,8.72867909576143e-05,0.002930896368502603,0
49.25,-61.25,14.024864515512316,1.25740385055542,0.019695890414688784,0.016533719941202438,0
49.25,-61.0,13.9528027140637,1.3020979166030884,-0.011830947925643612,-0.012120028159958407,0
49.25,-60.75,13.96516560067253,1.2743760347366333,0.027596676908515312,-0.018035317824352155,0
49.25,-60.5,14.056490462523794,1.250069260597229,0.026573238104974955,0.0028539041064317185,0
49.25,-60.25,14.065162358210248,1.3380788564682007,0.001007975552434114,-0.01935877580482528,0
49.25,-60.0,13.911043740616638,1.6234906911849976,0.010588584508132515,0.030742821604324965,0
49.25,-59.75,14.114695231984815,1.1323727369308472,0.01680254803141389,-0.006575562217933845,0
49.25,-59.5,14.042361712182062,0.9516635537147522,0.023861934800678372,-0.016508546139310045,0
49.25,-59.25,14.047458260367062,0.8414972424507141,0.0027095892415550495,0.03629348861188394,0
49.25,-59.0,14.156765084741389,0.8955159187316895,0.03356832841043209,-0.006681335515777768,0
49.25,-58.75,14.177672495319495,0.7880402207374573,-0.0011729347586777305,-0.022680444954327368,0
49.25,-58.5,14.32078735229698,0.9986130595207214,0.03823125048704257,0.010423861467810287,0
49.25,-58.25,14.330351257803617,0.9870989918708801,0.004559657723042292,-0.016815576714103626,0
49.25,-58.0,14.341793363494764,,0.030654158037136205,0.03900208802369548,0
49.25,-57.75,14.29193600082379,,0.013435299078855042,-0.0038230619955017826,0
49.25,-57.5,14.38817329245386,,0.007042437381174714,-0.0025109506089577745,0
49.25,-57.25,14.46120572473595,,0.023453301150228912,0.004591275838567594,1
49.25,-57.0,14.441617950070775,,-0.004998894656497377,0.000616264636314175,0
49.5,-66.5,13.672601934054079,3.2021968364715576,0.013255996411053265,-0.003248863076194269,0
49.5,-66.25,13.683239750290264,5.621901035308838,0.004459306900311466,-0.015829451239753774,0
49.5,-66.0,13.704625501215576,5.6507697105407715,-0.008581269976493618,0.01082314781343274,0
49.5,-65.75,13.687526857924597,4.439338207244873,0.011170311716831492,-0.010542949263137823,0
49.5,-65.5,13.723900435910993,4.449996471405029,0.026900638837284472,-0.0012665329895209469,0
49.5,-65.25,13.827871276352502,4.514486312866211,0.021422306944104078,0.006224693819884178,0
49.5,-65.0,13.877243680121774,6.259101867675781,0.010792019483798336,-0.015969393348439616,0
49.5,-64.75,13.859910769786161,10.22541332244873,0.0085716506593316,0.020860381450197175,0
49.5,-64.5,13.882092084403219,31.09908103942871,0.007464439136132813,0.018302335769723288,0
49.5,-64.25,13.902289392372117,5.511323928833008,0.013791635765690452,0.003189339557710176,0
49.5,-64.0,13.867020430726257,4.242498874664307,0.014690074715740527,0.011539073415395397,0
49.5,-63.75,13.780189035122643,1.2035776376724243,0.013848176187125744,-0.019850383617129947,0
49.5,-63.5,13.970020903061604,,0.012624846479923756,-0.004998658094844047,0
49.5,-63.25,13.918474753087906,,0.010578297428425204,-0.013450157194068313,0
49.5,-63.0,13.898965491008333,,0.02318203608859937,-0.0014758551233034056,0
49.5,-62.75,14.068317653951736,,0.02792604414156881,-0.012137950784572894,0
49.5,-62.5,14.105432014166514,,0.013199737200557832,0.0012100547549625616,0
49.5,-62.25,13.926313987627383,1.3384203910827637,0.052697410078292886,-0.027281180017511158,0
49.5,-62.0,14.041964364045505,1.011107325553894,-0.012401501257935243,-0.01502018563977321,0
49.5,-61.75,14.11250382657158,1.1825815439224243,-0.008714223629075517,-0.009897829657451864,0
49.5,-61.5,14.14410617140345,1.4163082838058472,0.026234996255014374,-0.01148776081088686,0
49.5,-61.25,14.154762745855617,1.84605872631073,0.018416354674144937,0.022066451895992545,0
49.5,-61.0,14.158240180501526,1.1309021711349487,0.010176179410615405,-0.01272876105043827,0
49.5,-60.75,14.103041167694572,1.4092507362365723,0.02237734799240139,0.013340342699491985,0
49.5,-60.5,14.298709276004733,1.2398874759674072,0.026699633907097203,-0.013990156940860905,0
49.5,-60.25,14.375900762306811,1.7366665601730347,0.02199273581583971,0.012922489613633384,0
49.5,-60.0,14.29221925212737,0.9437387585639954,-0.00023098729065011616,-0.029473027996128012,0
49.5,-59.75,14.281788839177873,1.0011415481567383,0.00412057985693528,0.00809052192469686,0
49.5,-59.5,14.396476185973423,0.9251630902290344,0.009255616414144543,-0.014927492496016815,0
49.5,-59.25,14.225970884022795,0.9085912108421326,-0.010630074577991179,0.012454607496666327,0
49.5,-59.0,14.378551407983196,0.9649212956428528,0.02044808149291565,-0.015450725964335665,0
49.5,-58.75,14.41714613798426,0.8593330383300781,-0.004998776633094388,-0.011441556980938473,0
49.5,-58.5,14.539743180546806,0.6400032043457031,-0.027646039200801265,-0.028025473828843312,0
49.5,-58.25,14.305371046602922,0.6856446266174316,-0.0031951233920621677,-0.0050851615565390956,0
49.5,-58.0,14.497126655866149,,0.06152374699048441,-0.017748749517950965,0
49.5,-57.75,14.44606074101437,,0.022023741497825225,0.040818501045859205,0
49.5,-57.5,14.721810174999593,,0.008901741215649246,-0.010221630562883641,0
49.5,-57.25,14.546323364387224,,0.022892305521709594,-0.018713352752982245,0
49.5,-57.0,14.572943031783867,,-0.012887421276377943,0.008378404550458612,0
49.75,-66.5,13.776702403205725,3.321974992752075,0.040757192707835586,-0.0012148393713326301,0
49.75,-66.25,13.806370905639081,2.904803991317749,0.012618240857858985,-0.028178480758460814,0
49.75,-66.0,13.954611351875634,2.805788993835449,0.012786654992932493,0.018262859074156857,0
49.75,-65.75,13.847295897965148,3.997267961502075,-0.015130165864406306,-0.010889851376483479,0
49.75,-65.5,14.0645436148362,5.57122278213501,0.04263090194999625,0.02003283673759557,0
49.75,-65.25,13.96594267508628,5.942783832550049,0.010370291479207283,0.01948311142242892,0
49.75,-65.0,13.957881513237288,8.926260948181152,-0.0008071806684060703,-0.013109121584174757,0
49.75,-64.75,13.97282019483565,7.139512538909912,0.0227865762600193,0.0028536644504622947,0
49.75,-64.5,14.17862707111605,7.687330722808838,0.03655916948522153,-0.025390579478550078,1
49.75,-64.25,14.02957780344408,,-0.0017925856134591543,-0.006791180521249864,1
49.75,-64.0,13.937776190079177,,0.0397851139349574,0.001119121451669907,0
49.75,-63.75,14.065059859783881,,0.02351712088609915,0.007216852615445664,0
49.75,-63.5,14.082021152510428,,-0.004205956179204632,-0.0016560341441272438,0
49.75,-63.25,14.204958299937722,,0.018325107589623656,0.0028523188318982868,0
49.75,-63.0,14.121249021279839,2.821028470993042,0.019295566573347675,-0.03190807191417961,0
49.75,-62.75,14.087537261026307,1.683957576751709,-0.01118010190642943,0.005763311156145062,0
49.75,-62.5,14.268205472900444,1.6018049716949463,0.02604455504435039,-0.012074943627827262,0
49.75,-62.25,14.3189368085672,1.087376594543457,0.043485610384637496,-0.018654539356214382,1
49.75,-62.0,14.255046611412883,0.9721061587333679,0.024143259740610153,-0.001877646156903473,0
49.75,-61.75,14.197176708724568,1.0535389184951782,0.02255300383671387,-0.012811776249762345,0
49.75,-61.5,14.398711470676158,1.1054059267044067,0.011746428538165191,0.0017082161193079353,0
49.75,-61.25,14.288616497929867,1.0782543420791626,0.004277302179097518,-0.012759046458933585,0
49.75,-61.0,14.421399486368642,1.0140217542648315,-0.004006911694886357,0.0011442499483971698,1
49.75,-60.75,14.30774152877269,1.0505155324935913,0.03052837681799265,-0.025298445297507015,0
49.75,-60.5,14.327220912746979,0.9380879998207092,-0.007116848583800295,-0.015837095937332398,0
49.75,-60.25,14.391528300621832,0.9906937479972839,0.007349373822623813,-0.019429604322146722,0
49.75,-60.0,14.467812006732169,0.8156654238700867,0.03072180037102501,0.009262453193896744,0
49.75,-59.75,14.668247548210397,0.8469629883766174,0.018697882447313678,-0.003977519132595159,0
49.75,-59.5,14.66371847218725,0.9277940392494202,0.029325713020753097,-0.0015228931557156877,0
49.75,-59.25,14.572123384535148,0.8565098643302917,-0.02290219732622876,-0.004837187081592916,0
49.75,-59.0,14.507350791104916,0.7243476510047913,0.027573366564640947,0.008504862272543715,0
49.75,-58.75,14.569127843056796,0.8469305634498596,0.04208421431049966,0.00305532266298272,0
49.75,-58.5,14.5626818621866,0.6902176737785339,0.005611946056088811,0.0035385059049558906,0
49.75,-58.25,14.703634625348379,0.5305856466293335,0.02722563481725223,-0.013388256316467381,0
49.75,-58.0,14.604622806814245,0.520504891872406,0.028435776733270014,0.004009617512592009,0
49.75,-57.75,14.763008176343602,,0.03264542678200367,0.017711808907171132,0
49.75,-57.5,14.737181067361929,,0.01915539468403018,-0.020990111557204653,0
49.75,-57.25,14.838728073215169,,0.003517249119460328,-0.00530347160112829,0
49.75,-57.0,14.727734267921536,,0.023670017927063993,0.0046608126713129465,0
50.0,-66.5,13.86443579324256,17.209667205810547,0.0249598573166971,0.009477380384800945,0
50.0,-66.25,14.059006176858185,9.152510643005371,0.003440252447993836,-0.0028744645354896094,0
50.0,-66.0,13.97049716975129,4.113358497619629,-0.007197928559353927,0.0024067043108340694,0
50.0,-65.75,14.156970453238046,6.354273319244385,0.009283470310099115,0.0036354203616926067,0
50.0,-65.5,14.122727061728193,4.13021993637085,-0.0032719469885104093,0.016243914937416316,0
50.0,-65.25,14.197983958708033,2.728367805480957,0.015238641847054247,5.3271575166723845e-05,0
50.0,-65.0,14.158051971568975,4.168715000152588,0.01953753931876094,0.0196366131318745,1
50.0,-64.75,14.16546880862288,4.1147027015686035,0.002151158754859218,0.005153988402454492,0
50.0,-64.5,14.19723332835731,2.435413360595703,-0.006138925707663084,0.00022503646697875912,0
50.0,-64.25,14.201486393336795,3.486926317214966,0.03638945081854033,-0.022447905620642992,0
50.0,-64.0,14.224961598648996,3.7168362140655518,0.04427408458682157,-0.00553633577102065,0
50.0,-63.75,14.341231647104678,2.374260187149048,0.0295535035674535,-0.0038347413810654388,0
50.0,-63.5,14.444026992252839,3.909482955932617,-0.00136548190437317,0.022146829436549387,0
50.0,-63.25,14.273921294666163,2.437422752380371,0.013910233507527816,-0.007578467715822986,0
50.0,-63.0,14.436164084291333,1.4799154996871948,0.030065636571630812,-0.0003369728486960766,0
50.0,-62.75,14.405782267034395,1.1953849792480469,-0.020794685818714388,-0.04058515773668196,0
50.0,-62.5,14.416444641445368,1.1579171419143677,0.04725900540412962,-0.0020848677914214638,0
50.0,-62.25,14.460801469469006,0.9049721360206604,0.0152680474302389,0.013732894071200213,0
50.0,-62.0,14.515121092865952,1.143607497215271,0.019932929443257974,0.024216916096844468,0
50.0,-61.75,14.45840108821591,9.202860832214355,0.02807764130098407,-0.016977601223677873,0
50.0,-61.5,14.41192941185604,0.88875412940979,0.02272235112549297,-0.017433230420910835,0
50.0,-61.25,14.56636441523089,0.9971784949302673,0.025137436964360868,-0.017577585485748105,0
50.0,-61.0,14.626851134403621,1.0279583930969238,0.01577141353243062,0.05260211083455159,0
50.0,-60.75,14.638117448185978,0.9587593674659729,0.0012757746056135204,0.04181892790630465,0
50.0,-60.5,14.499502764557837,1.1213200092315674,0.010193056683979154,-0.0028679315873894762,0
50.0,-60.25,14.666647177153193,0.8367708325386047,-0.014631622505815702,0.018675742503879246,0
50.0,-60.0,14.83405377801551,0.8032626509666443,0.025826629720686643,0.014622534340790794,0
50.0,-59.75,14.602733756102804,0.7744114398956299,0.03521138763493172,0.017290805838100977,0
50.0,-59.5,14.699117772033807,0.6809836030006409,0.027927519746939362,0.022842610357535535,0
50.0,-59.25,14.97575539447183,0.6232138276100159,0.03165400384730772,0.0051093111773962765,0
50.0,-59.0,14.884177845662801,0.6150475144386292,-0.009640365269741272,0.004584078824544747,0
50.0,-58.75,14.78614036603728,0.5123226046562195,0.011899969131664937,-0.012603920297358125,0
50.0,-58.5,14.94990961692999,0.4781399071216583,0.023609325287248947,-0.0035153829754711414,0
50.0,-58.25,14.825017345081806,0.46755895018577576,0.007153065066173065,0.00911847535678192,0
50.0,-58.0,14.847912274362479,0.462441086769104,0.021511694198202175,-0.003707172014311138,0
50.0,-57.75,14.96377518255602,0.6505847573280334,0.018555864077298215,0.0077021184153081325,0
50.0,-57.5,14.972100103326161,,0.015487734499531433,0.016060164785453124,0
50.0,-57.25,15.096517347833563,,0.00882963963838018,0.0071506851150725526,0
50.0,-57.0,15.018670061181913,,0.009573477424603813,0.00922976845639938,0
